<edmx:Edmx xmlns:edmx="http://docs.oasis-open.org/odata/ns/edmx" Version="4.0">
    <edmx:Reference Uri="/sap/opu/odata/IWFND/CATALOGSERVICE;v=2/Vocabularies(TechnicalName='%2FIWBEP%2FVOC_UI',Version='0001',SAP__Origin='LOCAL')/$value">
        <edmx:Include Namespace="com.sap.vocabularies.UI.v1" Alias="UI"/>
    </edmx:Reference>
    <edmx:Reference Uri="/sap/opu/odata/sap/ZCON_SB_VCSOI/$metadata">
        <edmx:Include Namespace="cds_zcon_sd_vcsoi"/>
    </edmx:Reference>
    <edmx:DataServices>
        <Schema xmlns="http://docs.oasis-open.org/odata/ns/edm" Namespace="">
            <Annotations Target="cds_zcon_sd_vcsoi.SalesOrderItemType">
                <Annotation Term="UI.Facets">
                    <Collection>
                        <Record Type="UI.CollectionFacet">
                            <PropertyValue Property="Label" String="Kundenauftragsposition"/>
                            <PropertyValue Property="ID" String="idCollection"/>
                            <PropertyValue Property="Facets">
                                <Collection>
                                    <Record Type="UI.ReferenceFacet">
                                        <PropertyValue Property="Label" String="Allgemeine Informationen"/>
                                        <PropertyValue Property="ID" String="idIdentification"/>
                                        <PropertyValue Property="Target" AnnotationPath="@UI.Identification"/>
                                    </Record>
                                </Collection>
                            </PropertyValue>
                        </Record>
                        <Record Type="UI.ReferenceFacet">
                            <PropertyValue Property="Label" String="Einteilungen"/>
                            <PropertyValue Property="ID" String="ScheduleLines"/>
                            <PropertyValue Property="Target" AnnotationPath="to_ScheduleLine/@UI.LineItem"/>
                        </Record>
                    </Collection>
                </Annotation>
                <Annotation Term="UI.LineItem">
                    <Collection>
                        <Record Type="UI.DataField">
                            <PropertyValue Property="Value" Path="SalesOrder"/>
                        </Record>
                        <Record Type="UI.DataField">
                            <PropertyValue Property="Label" String="Position"/>
                            <PropertyValue Property="Value" Path="SalesOrderItem"/>
                        </Record>
                        <Record Type="UI.DataField">
                            <PropertyValue Property="Value" Path="Material"/>
                        </Record>
                        <Record Type="UI.DataField">
                            <PropertyValue Property="Value" Path="Status"/>
                        </Record>
                        <Record Type="UI.DataField">
                            <PropertyValue Property="Value" Path="CPLinesCount"/>
                        </Record>
                        <Record Type="UI.DataField">
                            <PropertyValue Property="Value" Path="LinesCount"/>
                        </Record>
                        <Record Type="UI.DataFieldForAction">
                            <PropertyValue Property="Label" String="Freigeben"/>
                            <PropertyValue Property="Action" String="cds_zcon_sd_vcsoi.cds_zcon_sd_vcsoi_Entities/set_scheduleline_category"/>
                            <PropertyValue Property="InvocationGrouping" EnumMember="UI.OperationGroupingType/Isolated"/>
                        </Record>
                    </Collection>
                </Annotation>
            </Annotations>
        </Schema>
    </edmx:DataServices>
</edmx:Edmx>