{
  "localService/ZCON_SB_VCSOI_VAN.xml": 1601292696969,
  "localService/mockserver.js": 1601292696956,
  "test/changes_preview.js": 1601292696960,
  "test/changes_loader.js": 1601292696958,
  "manifest.json": 1601293234921,
  "Component.js": 1601292696946,
  "manifest-bundle.zip": 1601564355488,
  "Component-preload.js": 1601564355818,
  "Component-dbg.js": 1601292696946,
  "test/changes_loader-dbg.js": 1601292696958,
  "localService/mockserver-dbg.js": 1601292696956,
  "test/changes_preview-dbg.js": 1601292696960,
  "test/flpSandboxMockServer.html": 1601292696965,
  "test/flpSandbox.html": 1601292696962,
  "i18n/i18n.properties": 1601292696954,
  "localService/metadata.xml": 1601292696967,
  "annotations/annotation.xml": 1601292696952
}